Rep,Clf,MeanF1,StdF1
word2vec,LogisticRegression,0.9200226564712546,0.03395630362212395
doc2vec,LogisticRegression,0.8532143868592467,0.026781695641906213
fasttext,LogisticRegression,0.9310676862078733,0.030713597238288138
tfidf,LogisticRegression,0.9391107335032569,0.02287683123452466
